Dataset,Method,Time(s),Matches
density_pattern_len64_pattern.txt vs density_case_000_d1.00e-06_text.txt,Sequential,0.089844,2
density_pattern_len64_pattern.txt vs density_case_000_d1.00e-06_text.txt,MPI (4),0.030417,2
density_pattern_len64_pattern.txt vs density_case_000_d1.00e-06_text.txt,CUDA,0.51319,2
density_pattern_len64_pattern.txt vs density_case_001_d1.12e-06_text.txt,Sequential,0.089849,2
density_pattern_len64_pattern.txt vs density_case_001_d1.12e-06_text.txt,MPI (4),0.030583,2
density_pattern_len64_pattern.txt vs density_case_001_d1.12e-06_text.txt,CUDA,0.511899,2
density_pattern_len64_pattern.txt vs density_case_002_d1.26e-06_text.txt,Sequential,0.089803,2
density_pattern_len64_pattern.txt vs density_case_002_d1.26e-06_text.txt,MPI (4),0.030314,2
density_pattern_len64_pattern.txt vs density_case_002_d1.26e-06_text.txt,CUDA,0.521546,2
density_pattern_len64_pattern.txt vs density_case_003_d1.42e-06_text.txt,Sequential,0.089631,3
density_pattern_len64_pattern.txt vs density_case_003_d1.42e-06_text.txt,MPI (4),0.030367,3
density_pattern_len64_pattern.txt vs density_case_003_d1.42e-06_text.txt,CUDA,0.512812,3
density_pattern_len64_pattern.txt vs density_case_004_d1.59e-06_text.txt,Sequential,0.089981,3
density_pattern_len64_pattern.txt vs density_case_004_d1.59e-06_text.txt,MPI (4),0.030192,3
density_pattern_len64_pattern.txt vs density_case_004_d1.59e-06_text.txt,CUDA,0.517175,3
density_pattern_len64_pattern.txt vs density_case_005_d1.79e-06_text.txt,Sequential,0.08986,3
density_pattern_len64_pattern.txt vs density_case_005_d1.79e-06_text.txt,MPI (4),0.030369,3
density_pattern_len64_pattern.txt vs density_case_005_d1.79e-06_text.txt,CUDA,0.509597,3
density_pattern_len64_pattern.txt vs density_case_006_d2.01e-06_text.txt,Sequential,0.089958,4
density_pattern_len64_pattern.txt vs density_case_006_d2.01e-06_text.txt,MPI (4),0.03056,4
density_pattern_len64_pattern.txt vs density_case_006_d2.01e-06_text.txt,CUDA,0.520323,4
density_pattern_len64_pattern.txt vs density_case_007_d2.26e-06_text.txt,Sequential,0.090008,4
density_pattern_len64_pattern.txt vs density_case_007_d2.26e-06_text.txt,MPI (4),0.030457,4
density_pattern_len64_pattern.txt vs density_case_007_d2.26e-06_text.txt,CUDA,0.510283,4
density_pattern_len64_pattern.txt vs density_case_008_d2.54e-06_text.txt,Sequential,0.09005,4
density_pattern_len64_pattern.txt vs density_case_008_d2.54e-06_text.txt,MPI (4),0.030455,4
density_pattern_len64_pattern.txt vs density_case_008_d2.54e-06_text.txt,CUDA,0.510729,4
density_pattern_len64_pattern.txt vs density_case_009_d2.85e-06_text.txt,Sequential,0.089864,5
density_pattern_len64_pattern.txt vs density_case_009_d2.85e-06_text.txt,MPI (4),0.030349,5
density_pattern_len64_pattern.txt vs density_case_009_d2.85e-06_text.txt,CUDA,0.50941,5
density_pattern_len64_pattern.txt vs density_case_010_d3.20e-06_text.txt,Sequential,0.089823,5
density_pattern_len64_pattern.txt vs density_case_010_d3.20e-06_text.txt,MPI (4),0.030367,5
density_pattern_len64_pattern.txt vs density_case_010_d3.20e-06_text.txt,CUDA,0.519874,5
density_pattern_len64_pattern.txt vs density_case_011_d3.59e-06_text.txt,Sequential,0.089993,6
density_pattern_len64_pattern.txt vs density_case_011_d3.59e-06_text.txt,MPI (4),0.030468,6
density_pattern_len64_pattern.txt vs density_case_011_d3.59e-06_text.txt,CUDA,0.513139,6
density_pattern_len64_pattern.txt vs density_case_012_d4.04e-06_text.txt,Sequential,0.090152,7
density_pattern_len64_pattern.txt vs density_case_012_d4.04e-06_text.txt,MPI (4),0.030196,7
density_pattern_len64_pattern.txt vs density_case_012_d4.04e-06_text.txt,CUDA,0.515365,7
density_pattern_len64_pattern.txt vs density_case_013_d4.53e-06_text.txt,Sequential,0.089783,8
density_pattern_len64_pattern.txt vs density_case_013_d4.53e-06_text.txt,MPI (4),0.030212,8
density_pattern_len64_pattern.txt vs density_case_013_d4.53e-06_text.txt,CUDA,0.515017,8
density_pattern_len64_pattern.txt vs density_case_014_d5.09e-06_text.txt,Sequential,0.090029,8
density_pattern_len64_pattern.txt vs density_case_014_d5.09e-06_text.txt,MPI (4),0.030531,8
density_pattern_len64_pattern.txt vs density_case_014_d5.09e-06_text.txt,CUDA,0.523199,8
density_pattern_len64_pattern.txt vs density_case_015_d5.72e-06_text.txt,Sequential,0.089917,9
density_pattern_len64_pattern.txt vs density_case_015_d5.72e-06_text.txt,MPI (4),0.030553,9
density_pattern_len64_pattern.txt vs density_case_015_d5.72e-06_text.txt,CUDA,0.5119,9
density_pattern_len64_pattern.txt vs density_case_016_d6.43e-06_text.txt,Sequential,0.089934,11
density_pattern_len64_pattern.txt vs density_case_016_d6.43e-06_text.txt,MPI (4),0.030358,11
density_pattern_len64_pattern.txt vs density_case_016_d6.43e-06_text.txt,CUDA,0.521054,11
density_pattern_len64_pattern.txt vs density_case_017_d7.22e-06_text.txt,Sequential,0.089977,12
density_pattern_len64_pattern.txt vs density_case_017_d7.22e-06_text.txt,MPI (4),0.030399,12
density_pattern_len64_pattern.txt vs density_case_017_d7.22e-06_text.txt,CUDA,0.512842,12
density_pattern_len64_pattern.txt vs density_case_018_d8.11e-06_text.txt,Sequential,0.089872,13
density_pattern_len64_pattern.txt vs density_case_018_d8.11e-06_text.txt,MPI (4),0.030478,13
density_pattern_len64_pattern.txt vs density_case_018_d8.11e-06_text.txt,CUDA,0.51813,13
density_pattern_len64_pattern.txt vs density_case_019_d9.11e-06_text.txt,Sequential,0.089807,15
density_pattern_len64_pattern.txt vs density_case_019_d9.11e-06_text.txt,MPI (4),0.030433,15
density_pattern_len64_pattern.txt vs density_case_019_d9.11e-06_text.txt,CUDA,0.515749,15
density_pattern_len64_pattern.txt vs density_case_020_d1.02e-05_text.txt,Sequential,0.090827,16
density_pattern_len64_pattern.txt vs density_case_020_d1.02e-05_text.txt,MPI (4),0.03039,16
density_pattern_len64_pattern.txt vs density_case_020_d1.02e-05_text.txt,CUDA,0.529416,16
density_pattern_len64_pattern.txt vs density_case_021_d1.15e-05_text.txt,Sequential,0.089999,18
density_pattern_len64_pattern.txt vs density_case_021_d1.15e-05_text.txt,MPI (4),0.030677,18
density_pattern_len64_pattern.txt vs density_case_021_d1.15e-05_text.txt,CUDA,0.517252,18
density_pattern_len64_pattern.txt vs density_case_022_d1.29e-05_text.txt,Sequential,0.090082,21
density_pattern_len64_pattern.txt vs density_case_022_d1.29e-05_text.txt,MPI (4),0.030409,21
density_pattern_len64_pattern.txt vs density_case_022_d1.29e-05_text.txt,CUDA,0.512594,21
density_pattern_len64_pattern.txt vs density_case_023_d1.45e-05_text.txt,Sequential,0.089963,23
density_pattern_len64_pattern.txt vs density_case_023_d1.45e-05_text.txt,MPI (4),0.030369,23
density_pattern_len64_pattern.txt vs density_case_023_d1.45e-05_text.txt,CUDA,0.518074,23
density_pattern_len64_pattern.txt vs density_case_024_d1.63e-05_text.txt,Sequential,0.089875,26
density_pattern_len64_pattern.txt vs density_case_024_d1.63e-05_text.txt,MPI (4),0.03047,26
density_pattern_len64_pattern.txt vs density_case_024_d1.63e-05_text.txt,CUDA,0.520294,26
density_pattern_len64_pattern.txt vs density_case_025_d1.83e-05_text.txt,Sequential,0.089738,29
density_pattern_len64_pattern.txt vs density_case_025_d1.83e-05_text.txt,MPI (4),0.030363,29
density_pattern_len64_pattern.txt vs density_case_025_d1.83e-05_text.txt,CUDA,0.521576,29
density_pattern_len64_pattern.txt vs density_case_026_d2.06e-05_text.txt,Sequential,0.089841,33
density_pattern_len64_pattern.txt vs density_case_026_d2.06e-05_text.txt,MPI (4),0.030437,33
density_pattern_len64_pattern.txt vs density_case_026_d2.06e-05_text.txt,CUDA,0.52118,33
density_pattern_len64_pattern.txt vs density_case_027_d2.31e-05_text.txt,Sequential,0.089899,37
density_pattern_len64_pattern.txt vs density_case_027_d2.31e-05_text.txt,MPI (4),0.030404,37
density_pattern_len64_pattern.txt vs density_case_027_d2.31e-05_text.txt,CUDA,0.523357,37
density_pattern_len64_pattern.txt vs density_case_028_d2.60e-05_text.txt,Sequential,0.089823,41
density_pattern_len64_pattern.txt vs density_case_028_d2.60e-05_text.txt,MPI (4),0.030412,41
density_pattern_len64_pattern.txt vs density_case_028_d2.60e-05_text.txt,CUDA,0.516052,41
density_pattern_len64_pattern.txt vs density_case_029_d2.92e-05_text.txt,Sequential,0.089848,46
density_pattern_len64_pattern.txt vs density_case_029_d2.92e-05_text.txt,MPI (4),0.030387,46
density_pattern_len64_pattern.txt vs density_case_029_d2.92e-05_text.txt,CUDA,0.525757,46
density_pattern_len64_pattern.txt vs density_case_030_d3.27e-05_text.txt,Sequential,0.090483,52
density_pattern_len64_pattern.txt vs density_case_030_d3.27e-05_text.txt,MPI (4),0.03035,52
density_pattern_len64_pattern.txt vs density_case_030_d3.27e-05_text.txt,CUDA,0.515071,52
density_pattern_len64_pattern.txt vs density_case_031_d3.68e-05_text.txt,Sequential,0.090037,58
density_pattern_len64_pattern.txt vs density_case_031_d3.68e-05_text.txt,MPI (4),0.030413,58
density_pattern_len64_pattern.txt vs density_case_031_d3.68e-05_text.txt,CUDA,0.517351,58
density_pattern_len64_pattern.txt vs density_case_032_d4.13e-05_text.txt,Sequential,0.089755,65
density_pattern_len64_pattern.txt vs density_case_032_d4.13e-05_text.txt,MPI (4),0.030481,65
density_pattern_len64_pattern.txt vs density_case_032_d4.13e-05_text.txt,CUDA,0.513079,65
density_pattern_len64_pattern.txt vs density_case_033_d4.64e-05_text.txt,Sequential,0.090025,73
density_pattern_len64_pattern.txt vs density_case_033_d4.64e-05_text.txt,MPI (4),0.030311,73
density_pattern_len64_pattern.txt vs density_case_033_d4.64e-05_text.txt,CUDA,0.523069,73
density_pattern_len64_pattern.txt vs density_case_034_d5.21e-05_text.txt,Sequential,0.089944,82
density_pattern_len64_pattern.txt vs density_case_034_d5.21e-05_text.txt,MPI (4),0.030351,82
density_pattern_len64_pattern.txt vs density_case_034_d5.21e-05_text.txt,CUDA,0.514165,82
density_pattern_len64_pattern.txt vs density_case_035_d5.86e-05_text.txt,Sequential,0.090014,92
density_pattern_len64_pattern.txt vs density_case_035_d5.86e-05_text.txt,MPI (4),0.030343,92
density_pattern_len64_pattern.txt vs density_case_035_d5.86e-05_text.txt,CUDA,0.51782,92
density_pattern_len64_pattern.txt vs density_case_036_d6.58e-05_text.txt,Sequential,0.090652,103
density_pattern_len64_pattern.txt vs density_case_036_d6.58e-05_text.txt,MPI (4),0.030336,103
density_pattern_len64_pattern.txt vs density_case_036_d6.58e-05_text.txt,CUDA,0.523992,103
density_pattern_len64_pattern.txt vs density_case_037_d7.39e-05_text.txt,Sequential,0.090087,116
density_pattern_len64_pattern.txt vs density_case_037_d7.39e-05_text.txt,MPI (4),0.030572,116
density_pattern_len64_pattern.txt vs density_case_037_d7.39e-05_text.txt,CUDA,0.523351,116
density_pattern_len64_pattern.txt vs density_case_038_d8.30e-05_text.txt,Sequential,0.089992,130
density_pattern_len64_pattern.txt vs density_case_038_d8.30e-05_text.txt,MPI (4),0.030486,130
density_pattern_len64_pattern.txt vs density_case_038_d8.30e-05_text.txt,CUDA,0.512979,130
density_pattern_len64_pattern.txt vs density_case_039_d9.33e-05_text.txt,Sequential,0.090005,146
density_pattern_len64_pattern.txt vs density_case_039_d9.33e-05_text.txt,MPI (4),0.030305,146
density_pattern_len64_pattern.txt vs density_case_039_d9.33e-05_text.txt,CUDA,0.519724,146
density_pattern_len64_pattern.txt vs density_case_040_d1.05e-04_text.txt,Sequential,0.090241,164
density_pattern_len64_pattern.txt vs density_case_040_d1.05e-04_text.txt,MPI (4),0.030325,164
density_pattern_len64_pattern.txt vs density_case_040_d1.05e-04_text.txt,CUDA,0.515712,164
density_pattern_len64_pattern.txt vs density_case_041_d1.18e-04_text.txt,Sequential,0.090109,184
density_pattern_len64_pattern.txt vs density_case_041_d1.18e-04_text.txt,MPI (4),0.030557,184
density_pattern_len64_pattern.txt vs density_case_041_d1.18e-04_text.txt,CUDA,0.536161,184
density_pattern_len64_pattern.txt vs density_case_042_d1.32e-04_text.txt,Sequential,0.089709,207
density_pattern_len64_pattern.txt vs density_case_042_d1.32e-04_text.txt,MPI (4),0.030419,207
density_pattern_len64_pattern.txt vs density_case_042_d1.32e-04_text.txt,CUDA,0.512346,207
density_pattern_len64_pattern.txt vs density_case_043_d1.48e-04_text.txt,Sequential,0.089944,233
density_pattern_len64_pattern.txt vs density_case_043_d1.48e-04_text.txt,MPI (4),0.030341,233
density_pattern_len64_pattern.txt vs density_case_043_d1.48e-04_text.txt,CUDA,0.51559,233
density_pattern_len64_pattern.txt vs density_case_044_d1.67e-04_text.txt,Sequential,0.090077,261
density_pattern_len64_pattern.txt vs density_case_044_d1.67e-04_text.txt,MPI (4),0.030419,261
density_pattern_len64_pattern.txt vs density_case_044_d1.67e-04_text.txt,CUDA,0.515415,261
density_pattern_len64_pattern.txt vs density_case_045_d1.87e-04_text.txt,Sequential,0.089942,293
density_pattern_len64_pattern.txt vs density_case_045_d1.87e-04_text.txt,MPI (4),0.03025,293
density_pattern_len64_pattern.txt vs density_case_045_d1.87e-04_text.txt,CUDA,0.514937,293
density_pattern_len64_pattern.txt vs density_case_046_d2.10e-04_text.txt,Sequential,0.089924,329
density_pattern_len64_pattern.txt vs density_case_046_d2.10e-04_text.txt,MPI (4),0.030378,329
density_pattern_len64_pattern.txt vs density_case_046_d2.10e-04_text.txt,CUDA,0.514479,329
density_pattern_len64_pattern.txt vs density_case_047_d2.36e-04_text.txt,Sequential,0.089864,370
density_pattern_len64_pattern.txt vs density_case_047_d2.36e-04_text.txt,MPI (4),0.030361,370
density_pattern_len64_pattern.txt vs density_case_047_d2.36e-04_text.txt,CUDA,0.52592,370
density_pattern_len64_pattern.txt vs density_case_048_d2.66e-04_text.txt,Sequential,0.089902,415
density_pattern_len64_pattern.txt vs density_case_048_d2.66e-04_text.txt,MPI (4),0.03055,415
density_pattern_len64_pattern.txt vs density_case_048_d2.66e-04_text.txt,CUDA,0.516777,415
density_pattern_len64_pattern.txt vs density_case_049_d2.98e-04_text.txt,Sequential,0.089834,467
density_pattern_len64_pattern.txt vs density_case_049_d2.98e-04_text.txt,MPI (4),0.030357,467
density_pattern_len64_pattern.txt vs density_case_049_d2.98e-04_text.txt,CUDA,0.517081,467
density_pattern_len64_pattern.txt vs density_case_050_d3.35e-04_text.txt,Sequential,0.089549,524
density_pattern_len64_pattern.txt vs density_case_050_d3.35e-04_text.txt,MPI (4),0.030517,524
density_pattern_len64_pattern.txt vs density_case_050_d3.35e-04_text.txt,CUDA,0.526623,524
density_pattern_len64_pattern.txt vs density_case_051_d3.76e-04_text.txt,Sequential,0.08962,589
density_pattern_len64_pattern.txt vs density_case_051_d3.76e-04_text.txt,MPI (4),0.030507,589
density_pattern_len64_pattern.txt vs density_case_051_d3.76e-04_text.txt,CUDA,0.51613,589
density_pattern_len64_pattern.txt vs density_case_052_d4.23e-04_text.txt,Sequential,0.089925,661
density_pattern_len64_pattern.txt vs density_case_052_d4.23e-04_text.txt,MPI (4),0.030338,661
density_pattern_len64_pattern.txt vs density_case_052_d4.23e-04_text.txt,CUDA,0.522703,661
density_pattern_len64_pattern.txt vs density_case_053_d4.75e-04_text.txt,Sequential,0.089756,743
density_pattern_len64_pattern.txt vs density_case_053_d4.75e-04_text.txt,MPI (4),0.030333,743
density_pattern_len64_pattern.txt vs density_case_053_d4.75e-04_text.txt,CUDA,0.516843,743
density_pattern_len64_pattern.txt vs density_case_054_d5.34e-04_text.txt,Sequential,0.089781,834
density_pattern_len64_pattern.txt vs density_case_054_d5.34e-04_text.txt,MPI (4),0.030399,834
density_pattern_len64_pattern.txt vs density_case_054_d5.34e-04_text.txt,CUDA,0.517805,834
density_pattern_len64_pattern.txt vs density_case_055_d5.99e-04_text.txt,Sequential,0.08994,937
density_pattern_len64_pattern.txt vs density_case_055_d5.99e-04_text.txt,MPI (4),0.030637,937
density_pattern_len64_pattern.txt vs density_case_055_d5.99e-04_text.txt,CUDA,0.515046,937
density_pattern_len64_pattern.txt vs density_case_056_d6.73e-04_text.txt,Sequential,0.089495,1053
density_pattern_len64_pattern.txt vs density_case_056_d6.73e-04_text.txt,MPI (4),0.030519,1053
density_pattern_len64_pattern.txt vs density_case_056_d6.73e-04_text.txt,CUDA,0.519978,1053
density_pattern_len64_pattern.txt vs density_case_057_d7.56e-04_text.txt,Sequential,0.089737,1182
density_pattern_len64_pattern.txt vs density_case_057_d7.56e-04_text.txt,MPI (4),0.030348,1182
density_pattern_len64_pattern.txt vs density_case_057_d7.56e-04_text.txt,CUDA,0.516938,1182
density_pattern_len64_pattern.txt vs density_case_058_d8.50e-04_text.txt,Sequential,0.090026,1328
density_pattern_len64_pattern.txt vs density_case_058_d8.50e-04_text.txt,MPI (4),0.030345,1328
density_pattern_len64_pattern.txt vs density_case_058_d8.50e-04_text.txt,CUDA,0.527853,1328
density_pattern_len64_pattern.txt vs density_case_059_d9.55e-04_text.txt,Sequential,0.089774,1492
density_pattern_len64_pattern.txt vs density_case_059_d9.55e-04_text.txt,MPI (4),0.030305,1492
density_pattern_len64_pattern.txt vs density_case_059_d9.55e-04_text.txt,CUDA,0.519665,1492
density_pattern_len64_pattern.txt vs density_case_060_d1.07e-03_text.txt,Sequential,0.089913,1676
density_pattern_len64_pattern.txt vs density_case_060_d1.07e-03_text.txt,MPI (4),0.030312,1676
density_pattern_len64_pattern.txt vs density_case_060_d1.07e-03_text.txt,CUDA,0.518278,1676
density_pattern_len64_pattern.txt vs density_case_061_d1.20e-03_text.txt,Sequential,0.089692,1883
density_pattern_len64_pattern.txt vs density_case_061_d1.20e-03_text.txt,MPI (4),0.03034,1883
density_pattern_len64_pattern.txt vs density_case_061_d1.20e-03_text.txt,CUDA,0.528577,1883
density_pattern_len64_pattern.txt vs density_case_062_d1.35e-03_text.txt,Sequential,0.089996,2115
density_pattern_len64_pattern.txt vs density_case_062_d1.35e-03_text.txt,MPI (4),0.03047,2115
density_pattern_len64_pattern.txt vs density_case_062_d1.35e-03_text.txt,CUDA,0.516578,2115
density_pattern_len64_pattern.txt vs density_case_063_d1.52e-03_text.txt,Sequential,0.089847,2375
density_pattern_len64_pattern.txt vs density_case_063_d1.52e-03_text.txt,MPI (4),0.030222,2375
density_pattern_len64_pattern.txt vs density_case_063_d1.52e-03_text.txt,CUDA,0.525171,2375
density_pattern_len64_pattern.txt vs density_case_064_d1.71e-03_text.txt,Sequential,0.08984,2668
density_pattern_len64_pattern.txt vs density_case_064_d1.71e-03_text.txt,MPI (4),0.03034,2668
density_pattern_len64_pattern.txt vs density_case_064_d1.71e-03_text.txt,CUDA,0.524267,2668
density_pattern_len64_pattern.txt vs density_case_065_d1.92e-03_text.txt,Sequential,0.089877,2997
density_pattern_len64_pattern.txt vs density_case_065_d1.92e-03_text.txt,MPI (4),0.030471,2997
density_pattern_len64_pattern.txt vs density_case_065_d1.92e-03_text.txt,CUDA,0.530651,2997
density_pattern_len64_pattern.txt vs density_case_066_d2.15e-03_text.txt,Sequential,0.089959,3367
density_pattern_len64_pattern.txt vs density_case_066_d2.15e-03_text.txt,MPI (4),0.030268,3367
density_pattern_len64_pattern.txt vs density_case_066_d2.15e-03_text.txt,CUDA,0.532878,3367
density_pattern_len64_pattern.txt vs density_case_067_d2.42e-03_text.txt,Sequential,0.089881,3782
density_pattern_len64_pattern.txt vs density_case_067_d2.42e-03_text.txt,MPI (4),0.030428,3782
density_pattern_len64_pattern.txt vs density_case_067_d2.42e-03_text.txt,CUDA,0.526898,3782
density_pattern_len64_pattern.txt vs density_case_068_d2.72e-03_text.txt,Sequential,0.089668,4248
density_pattern_len64_pattern.txt vs density_case_068_d2.72e-03_text.txt,MPI (4),0.030229,4248
density_pattern_len64_pattern.txt vs density_case_068_d2.72e-03_text.txt,CUDA,0.529924,4248
density_pattern_len64_pattern.txt vs density_case_069_d3.05e-03_text.txt,Sequential,0.08993,4772
density_pattern_len64_pattern.txt vs density_case_069_d3.05e-03_text.txt,MPI (4),0.030814,4772
density_pattern_len64_pattern.txt vs density_case_069_d3.05e-03_text.txt,CUDA,0.535933,4772
density_pattern_len64_pattern.txt vs density_case_070_d3.43e-03_text.txt,Sequential,0.089586,5361
density_pattern_len64_pattern.txt vs density_case_070_d3.43e-03_text.txt,MPI (4),0.030355,5361
density_pattern_len64_pattern.txt vs density_case_070_d3.43e-03_text.txt,CUDA,0.531823,5361
density_pattern_len64_pattern.txt vs density_case_071_d3.85e-03_text.txt,Sequential,0.089989,6022
density_pattern_len64_pattern.txt vs density_case_071_d3.85e-03_text.txt,MPI (4),0.031581,6022
density_pattern_len64_pattern.txt vs density_case_071_d3.85e-03_text.txt,CUDA,0.529071,6022
density_pattern_len64_pattern.txt vs density_case_072_d4.33e-03_text.txt,Sequential,0.089832,6764
density_pattern_len64_pattern.txt vs density_case_072_d4.33e-03_text.txt,MPI (4),0.030123,6764
density_pattern_len64_pattern.txt vs density_case_072_d4.33e-03_text.txt,CUDA,0.53638,6764
density_pattern_len64_pattern.txt vs density_case_073_d4.86e-03_text.txt,Sequential,0.089966,7598
density_pattern_len64_pattern.txt vs density_case_073_d4.86e-03_text.txt,MPI (4),0.030185,7598
density_pattern_len64_pattern.txt vs density_case_073_d4.86e-03_text.txt,CUDA,0.535139,7598
density_pattern_len64_pattern.txt vs density_case_074_d5.46e-03_text.txt,Sequential,0.089822,8535
density_pattern_len64_pattern.txt vs density_case_074_d5.46e-03_text.txt,MPI (4),0.030475,8535
density_pattern_len64_pattern.txt vs density_case_074_d5.46e-03_text.txt,CUDA,0.548588,8535
density_pattern_len64_pattern.txt vs density_case_075_d6.14e-03_text.txt,Sequential,0.089882,9588
density_pattern_len64_pattern.txt vs density_case_075_d6.14e-03_text.txt,MPI (4),0.03019,9588
density_pattern_len64_pattern.txt vs density_case_075_d6.14e-03_text.txt,CUDA,0.537963,9588
density_pattern_len64_pattern.txt vs density_case_076_d6.89e-03_text.txt,Sequential,0.089692,10770
density_pattern_len64_pattern.txt vs density_case_076_d6.89e-03_text.txt,MPI (4),0.030394,10770
density_pattern_len64_pattern.txt vs density_case_076_d6.89e-03_text.txt,CUDA,0.536684,10770
density_pattern_len64_pattern.txt vs density_case_077_d7.74e-03_text.txt,Sequential,0.090036,12098
density_pattern_len64_pattern.txt vs density_case_077_d7.74e-03_text.txt,MPI (4),0.030473,12098
density_pattern_len64_pattern.txt vs density_case_077_d7.74e-03_text.txt,CUDA,0.541802,12098
density_pattern_len64_pattern.txt vs density_case_078_d8.70e-03_text.txt,Sequential,0.090001,13590
density_pattern_len64_pattern.txt vs density_case_078_d8.70e-03_text.txt,MPI (4),0.030185,13590
density_pattern_len64_pattern.txt vs density_case_078_d8.70e-03_text.txt,CUDA,0.547999,13590
density_pattern_len64_pattern.txt vs density_case_079_d9.77e-03_text.txt,Sequential,0.089984,15266
density_pattern_len64_pattern.txt vs density_case_079_d9.77e-03_text.txt,MPI (4),0.030395,15266
density_pattern_len64_pattern.txt vs density_case_079_d9.77e-03_text.txt,CUDA,0.542285,15266
density_pattern_len64_pattern.txt vs density_case_080_d1.10e-02_text.txt,Sequential,0.089442,17149
density_pattern_len64_pattern.txt vs density_case_080_d1.10e-02_text.txt,MPI (4),0.030138,17149
density_pattern_len64_pattern.txt vs density_case_080_d1.10e-02_text.txt,CUDA,0.545877,17149
density_pattern_len64_pattern.txt vs density_case_081_d1.23e-02_text.txt,Sequential,0.089974,19264
density_pattern_len64_pattern.txt vs density_case_081_d1.23e-02_text.txt,MPI (4),0.030185,19264
density_pattern_len64_pattern.txt vs density_case_081_d1.23e-02_text.txt,CUDA,0.542986,19264
density_pattern_len64_pattern.txt vs density_case_082_d1.38e-02_text.txt,Sequential,0.089674,21639
density_pattern_len64_pattern.txt vs density_case_082_d1.38e-02_text.txt,MPI (4),0.030376,21639
density_pattern_len64_pattern.txt vs density_case_082_d1.38e-02_text.txt,CUDA,0.539866,21639
density_pattern_len64_pattern.txt vs density_case_083_d1.56e-02_text.txt,Sequential,0.089633,24308
density_pattern_len64_pattern.txt vs density_case_083_d1.56e-02_text.txt,MPI (4),0.030248,24308
density_pattern_len64_pattern.txt vs density_case_083_d1.56e-02_text.txt,CUDA,0.542464,24308
density_pattern_len64_pattern.txt vs density_case_084_d1.75e-02_text.txt,Sequential,0.089751,27306
density_pattern_len64_pattern.txt vs density_case_084_d1.75e-02_text.txt,MPI (4),0.03039,27306
density_pattern_len64_pattern.txt vs density_case_084_d1.75e-02_text.txt,CUDA,0.539446,27306
density_pattern_len64_pattern.txt vs density_case_085_d1.96e-02_text.txt,Sequential,0.089764,30673
density_pattern_len64_pattern.txt vs density_case_085_d1.96e-02_text.txt,MPI (4),0.030464,30673
density_pattern_len64_pattern.txt vs density_case_085_d1.96e-02_text.txt,CUDA,0.54736,30673
density_pattern_len64_pattern.txt vs density_case_086_d2.21e-02_text.txt,Sequential,0.089786,34456
density_pattern_len64_pattern.txt vs density_case_086_d2.21e-02_text.txt,MPI (4),0.030155,34456
density_pattern_len64_pattern.txt vs density_case_086_d2.21e-02_text.txt,CUDA,0.540032,34456
density_pattern_len64_pattern.txt vs density_case_087_d2.48e-02_text.txt,Sequential,0.089668,38705
density_pattern_len64_pattern.txt vs density_case_087_d2.48e-02_text.txt,MPI (4),0.030152,38705
density_pattern_len64_pattern.txt vs density_case_087_d2.48e-02_text.txt,CUDA,0.539583,38705
density_pattern_len64_pattern.txt vs density_case_088_d2.78e-02_text.txt,Sequential,0.089558,43478
density_pattern_len64_pattern.txt vs density_case_088_d2.78e-02_text.txt,MPI (4),0.03038,43478
density_pattern_len64_pattern.txt vs density_case_088_d2.78e-02_text.txt,CUDA,0.541109,43478
density_pattern_len64_pattern.txt vs density_case_089_d3.13e-02_text.txt,Sequential,0.089648,48840
density_pattern_len64_pattern.txt vs density_case_089_d3.13e-02_text.txt,MPI (4),0.030105,48840
density_pattern_len64_pattern.txt vs density_case_089_d3.13e-02_text.txt,CUDA,0.542445,48840
density_pattern_len64_pattern.txt vs density_case_090_d3.51e-02_text.txt,Sequential,0.089575,54863
density_pattern_len64_pattern.txt vs density_case_090_d3.51e-02_text.txt,MPI (4),0.030107,54863
density_pattern_len64_pattern.txt vs density_case_090_d3.51e-02_text.txt,CUDA,0.542844,54863
density_pattern_len64_pattern.txt vs density_case_091_d3.94e-02_text.txt,Sequential,0.089558,61629
density_pattern_len64_pattern.txt vs density_case_091_d3.94e-02_text.txt,MPI (4),0.030266,61629
density_pattern_len64_pattern.txt vs density_case_091_d3.94e-02_text.txt,CUDA,0.546138,61629
density_pattern_len64_pattern.txt vs density_case_092_d4.43e-02_text.txt,Sequential,0.089582,69229
density_pattern_len64_pattern.txt vs density_case_092_d4.43e-02_text.txt,MPI (4),0.030538,69229
density_pattern_len64_pattern.txt vs density_case_092_d4.43e-02_text.txt,CUDA,0.539304,69229
density_pattern_len64_pattern.txt vs density_case_093_d4.98e-02_text.txt,Sequential,0.089412,77766
density_pattern_len64_pattern.txt vs density_case_093_d4.98e-02_text.txt,MPI (4),0.030143,77766
density_pattern_len64_pattern.txt vs density_case_093_d4.98e-02_text.txt,CUDA,0.541728,77766
density_pattern_len64_pattern.txt vs density_case_094_d5.59e-02_text.txt,Sequential,0.089514,87357
density_pattern_len64_pattern.txt vs density_case_094_d5.59e-02_text.txt,MPI (4),0.030159,87357
density_pattern_len64_pattern.txt vs density_case_094_d5.59e-02_text.txt,CUDA,0.543681,87357
density_pattern_len64_pattern.txt vs density_case_095_d6.28e-02_text.txt,Sequential,0.089163,98130
density_pattern_len64_pattern.txt vs density_case_095_d6.28e-02_text.txt,MPI (4),0.031366,98130
density_pattern_len64_pattern.txt vs density_case_095_d6.28e-02_text.txt,CUDA,0.544078,98130
density_pattern_len64_pattern.txt vs density_case_096_d7.05e-02_text.txt,Sequential,0.089135,110232
density_pattern_len64_pattern.txt vs density_case_096_d7.05e-02_text.txt,MPI (4),0.030149,110232
density_pattern_len64_pattern.txt vs density_case_096_d7.05e-02_text.txt,CUDA,0.549512,110232
density_pattern_len64_pattern.txt vs density_case_097_d7.92e-02_text.txt,Sequential,0.089104,123826
density_pattern_len64_pattern.txt vs density_case_097_d7.92e-02_text.txt,MPI (4),0.030168,123826
density_pattern_len64_pattern.txt vs density_case_097_d7.92e-02_text.txt,CUDA,0.541247,123826
density_pattern_len64_pattern.txt vs density_case_098_d8.90e-02_text.txt,Sequential,0.089258,139097
density_pattern_len64_pattern.txt vs density_case_098_d8.90e-02_text.txt,MPI (4),0.030374,139097
density_pattern_len64_pattern.txt vs density_case_098_d8.90e-02_text.txt,CUDA,0.544239,139097
density_pattern_len64_pattern.txt vs density_case_099_d1.00e-01_text.txt,Sequential,0.089199,156250
density_pattern_len64_pattern.txt vs density_case_099_d1.00e-01_text.txt,MPI (4),0.030336,156250
density_pattern_len64_pattern.txt vs density_case_099_d1.00e-01_text.txt,CUDA,0.537299,156250
